City_ID,City,Lat,Lng,Max Temp,Humidity,Cloudiness,Wind Speed,Country,Date
0,karratha,-20.7377,116.8463,33.16,59,95,7.84,AU,1734404905
1,yellowknife,62.456,-114.3525,-23.58,76,100,2.68,CA,1734404906
2,cabo san lucas,22.8909,-109.9124,22.09,82,0,0.0,MX,1734404907
3,hermanus,-34.4187,19.2345,14.33,71,42,3.32,ZA,1734404908
4,port-vila,-17.7338,168.3219,27.82,75,98,2.74,VU,1734404909
5,margaret river,-33.95,115.0667,24.9,42,0,2.51,AU,1734404726
6,aswan,24.0934,32.907,15.61,55,0,3.09,EG,1734404454
7,ust-nera,64.5667,143.2,-30.85,97,61,0.99,RU,1734404913
8,constantia,44.1833,28.65,5.39,74,16,7.54,RO,1734404892
9,iqaluit,63.7506,-68.5145,-17.15,71,100,1.54,CA,1734404915
10,adamstown,-25.066,-130.1015,22.23,69,8,6.59,PN,1734404916
11,okhotsk,59.3833,143.3,-16.17,77,81,8.92,RU,1734404918
12,al jubayl,27.0112,49.6583,12.5,44,23,6.73,SA,1734404919
13,amurzet,47.6967,131.0981,-18.19,75,6,4.07,RU,1734404920
14,weno,7.4515,151.8468,29.97,74,40,4.63,FM,1734404921
15,ushuaia,-54.8,-68.3,9.81,81,0,1.54,AR,1734404370
16,port moresby,-9.4431,147.1797,26.24,88,100,4.42,PG,1734404923
17,waitangi,-43.9535,-176.5597,14.9,88,100,2.68,NZ,1734404925
18,edinburgh of the seven seas,-37.0676,-12.3116,15.06,83,100,5.06,SH,1734404926
19,kapuskasing,49.4169,-82.4331,2.05,100,100,4.12,CA,1734404927
20,grytviken,-54.2811,-36.5092,1.08,93,34,5.47,GS,1734404928
21,jamestown,42.097,-79.2353,8.34,100,100,3.13,US,1734404678
22,blackmans bay,-43.0167,147.3167,19.29,54,4,1.34,AU,1734404930
23,songling,31.1933,120.7176,10.71,35,0,0.47,CN,1734404932
24,iskateley,67.6803,53.1512,-23.76,94,30,3.12,RU,1734404933
25,bria,6.5423,21.9863,20.63,38,68,1.98,CF,1734404934
26,badger,64.8,-147.5333,-15.05,78,40,2.57,US,1734404935
27,monteagudo,-19.8167,-63.9833,18.81,60,53,1.4,BO,1734404936
28,tamiahua,21.2667,-97.45,22.3,87,99,2.27,MX,1734404937
29,east london,-33.0153,27.9116,18.59,94,100,4.71,ZA,1734404938
30,avarua,-21.2078,-159.775,26.03,89,75,3.6,CK,1734404940
31,alice springs,-23.7,133.8833,35.75,28,21,8.75,AU,1734404941
32,marsh harbour,26.5412,-77.0636,24.5,80,3,11.12,BS,1734404942
33,kruisfontein,-34.0033,24.7314,15.38,72,100,2.74,ZA,1734404943
34,aasiaat,68.7098,-52.8699,-15.53,87,100,5.09,GL,1734404944
35,whitehorse,60.7161,-135.0538,-14.27,84,100,0.89,CA,1734404946
36,acarau,-2.8856,-40.12,26.7,82,41,6.64,BR,1734404947
37,port-aux-francais,-49.35,70.2167,5.82,80,10,13.69,TF,1734404948
38,invercargill,-46.4,168.35,20.57,47,1,3.58,NZ,1734404949
39,souda,35.4844,24.0744,8.63,81,75,0.0,GR,1734404950
40,albany,42.6001,-73.9662,4.67,96,100,1.34,US,1734404787
41,luderitz,-26.6481,15.1594,13.63,74,5,9.08,,1734404952
42,ta`u,-14.2336,-169.5144,28.19,71,96,3.8,AS,1734404954
43,flin flon,54.7682,-101.865,-16.23,99,91,1.2,CA,1734404955
44,colonia,50.9333,6.95,9.13,89,100,4.12,DE,1734404956
45,la passe,45.5549,-0.8967,5.8,78,95,3.62,FR,1734404957
46,longyearbyen,78.2186,15.6401,-8.09,67,75,4.12,SJ,1734404958
47,georgetown,5.4112,100.3354,29.97,65,20,3.13,MY,1734404717
48,puerto natales,-51.7236,-72.4875,11.41,90,97,1.58,CL,1734404792
49,karaton,-6.3424,106.1045,28.3,74,73,2.9,ID,1734404962
50,flying fish cove,-10.4217,105.6791,28.82,78,75,4.12,CX,1734404963
51,belmonte,-15.8631,-38.8828,24.9,92,100,2.37,BR,1734404964
52,zaragoza,41.6561,-0.8773,1.25,93,0,2.57,ES,1734404906
53,lincoln,40.8,-96.667,3.9,49,3,1.34,US,1734404421
54,college,64.8569,-147.8028,-15.01,78,75,2.57,US,1734404967
55,fale old settlement,-9.3852,-171.2468,27.68,78,100,8.18,TK,1734404968
56,northam,51.0333,-4.2167,9.06,93,100,4.47,GB,1734404970
57,tobelo,1.7284,128.0095,29.69,71,87,1.89,ID,1734404971
58,harnai,30.1005,67.9374,9.57,28,0,2.6,PK,1734404972
59,mogocha,53.7333,119.7667,-15.62,71,3,1.41,RU,1734404973
60,dzhalagash,45.0833,64.6667,-5.41,62,100,6.01,KZ,1734404974
61,hamilton,39.1834,-84.5333,14.67,91,20,4.63,US,1734404806
62,bilibino,68.0546,166.4372,-22.4,99,100,0.23,RU,1734404977
63,san antonio de pale,-1.4014,5.6325,26.34,82,70,1.74,GQ,1734404978
64,udachny,66.4167,112.4,-9.98,89,100,8.64,RU,1734404843
65,gaalkacyo,6.7697,47.4308,20.98,62,5,5.32,SO,1734404980
66,bredasdorp,-34.5322,20.0403,13.64,69,3,2.67,ZA,1734404981
67,uturoa,-16.7333,-151.4333,27.21,76,46,3.02,PF,1734404982
68,paracale,14.2804,122.7881,25.07,91,99,5.4,PH,1734404983
69,puerto lempira,15.2667,-83.7667,25.6,82,26,6.25,HN,1734404985
70,port elizabeth,-33.918,25.5701,17.95,76,100,2.24,ZA,1734404986
71,vadso,70.0744,29.7487,-7.91,73,40,3.09,NO,1734404987
72,lompoc,34.6391,-120.4579,10.63,91,20,0.0,US,1734404988
73,gemena,3.25,19.7667,21.78,72,100,1.13,CD,1734404989
74,west island,-12.1568,96.8225,27.1,70,96,1.91,CC,1734404991
75,san luis de la loma,17.2706,-100.8939,24.99,85,100,2.68,MX,1734404992
76,mossel bay,-34.1831,22.146,15.75,75,2,3.95,ZA,1734404993
77,linden,6.0,-58.3,22.87,96,92,1.06,GY,1734404994
78,mount pearl,47.5166,-52.7813,1.85,86,24,1.79,CA,1734404995
79,hotan,37.0997,79.9269,-5.6,61,48,2.84,CN,1734404997
80,qaqortoq,60.7167,-46.0333,-9.55,79,100,4.43,GL,1734404998
81,papatowai,-46.5619,169.4708,13.88,54,2,6.98,NZ,1734404999
82,guantanamo,20.1444,-75.2092,24.76,92,9,1.83,CU,1734405000
83,afaahiti,-17.75,-149.2833,26.09,78,74,4.23,PF,1734405001
84,buryn',51.1991,33.8352,1.78,81,74,8.2,UA,1734405002
85,concepcion,-36.827,-73.0498,14.89,82,20,5.14,CL,1734404887
86,stanley,54.868,-1.6985,9.01,82,75,8.23,GB,1734405005
87,gadzhiyevo,69.2551,33.3362,-14.48,90,100,3.63,RU,1734405006
88,bima,-8.4667,118.7167,30.49,68,100,1.93,ID,1734405007
89,salinas,36.6777,-121.6555,13.61,98,100,1.54,US,1734404444
90,alausi,-2.2,-78.8333,10.48,90,88,2.52,EC,1734405009
91,lubuklinggau,-3.3,102.8667,29.87,56,100,1.48,ID,1734405010
92,ekibastuz,51.6667,75.3667,-13.09,78,99,4.54,KZ,1734405012
93,acapulco de juarez,16.8634,-99.8901,27.9,78,20,2.06,MX,1734404756
94,bethel,41.3712,-73.414,10.0,88,100,0.98,US,1734405014
95,leava,-14.3,-178.1667,27.84,76,87,2.79,WF,1734405015
96,puerto ayora,-0.7393,-90.3518,22.7,84,58,2.73,EC,1734405016
97,digoin,46.4812,3.9795,3.05,100,100,1.54,FR,1734405017
98,saipan,15.1355,145.701,31.39,79,40,10.29,MP,1734405018
99,kailua-kona,19.6406,-155.9956,27.77,51,0,2.57,US,1734404752
100,tulun,54.5611,100.5792,-8.27,93,100,1.96,RU,1734405021
101,remire-montjoly,4.9167,-52.2667,26.02,94,75,2.06,GF,1734405022
102,cabinda,-5.55,12.2,25.83,91,100,1.41,AO,1734405023
103,nezhinka,51.7676,55.3694,-2.91,93,100,5.0,RU,1734405024
104,dudinka,69.4058,86.1778,-19.17,95,100,10.1,RU,1734405025
105,severnoye,56.3491,78.3619,-13.44,94,98,5.99,RU,1734405026
106,santo antonio,-6.3106,-35.4789,24.24,89,47,3.34,BR,1734405028
107,el abiodh sidi cheikh,32.893,0.5484,4.39,65,0,0.47,DZ,1734405029
108,minas de marcona,-15.2119,-75.1103,15.77,84,100,4.39,PE,1734405030
109,al hasakah,36.5024,40.7477,6.12,73,100,3.76,SY,1734405031
110,nouadhibou,20.931,-17.0347,21.99,33,100,8.23,MR,1734405032
111,petropavlovsk-kamchatsky,53.0452,158.6483,-1.67,47,75,4.0,RU,1734405034
112,pisco,-13.7,-76.2167,19.03,82,0,4.12,PE,1734404894
113,kone,-21.0595,164.8658,32.52,52,89,3.43,NC,1734405036
114,brookings,44.3114,-96.7984,-3.0,82,100,6.17,US,1734404776
115,moniquira,5.8764,-73.5728,14.66,98,87,1.65,CO,1734405038
116,cape canaveral,28.4058,-80.6048,22.27,91,0,3.6,US,1734404972
117,niemodlin,50.642,17.6193,7.92,40,100,7.6,PL,1734405041
118,miles city,46.4083,-105.8406,-2.46,74,0,3.09,US,1734404977
119,kalaleh,37.3807,55.4916,4.67,46,100,3.43,IR,1734405043
120,arraial do cabo,-22.9661,-42.0278,22.91,95,45,2.21,BR,1734404955
121,axim,4.8699,-2.2405,26.26,82,3,1.21,GH,1734405026
122,chonchi,-42.6128,-73.8092,13.95,99,100,1.31,CL,1734405047
123,novopskov,49.5464,39.0899,2.25,79,75,8.61,UA,1734405048
124,freetown,8.484,-13.2299,25.42,82,91,1.24,SL,1734405049
125,suratgarh,29.3167,73.9,12.07,17,0,2.68,IN,1734405050
126,tshabong,-26.05,22.45,21.26,20,1,3.58,BW,1734405051
127,atbasar,51.8,68.3333,-10.78,80,98,7.69,KZ,1734405053
128,pariaman,-0.619,100.12,30.03,66,100,1.14,ID,1734405054
129,tamanrasset,22.785,5.5228,10.88,25,0,4.79,DZ,1734405055
130,nantucket,41.2835,-70.0995,8.06,93,20,8.73,US,1734405056
131,newnham,-41.3833,147.1333,20.53,42,20,10.8,AU,1734405057
132,gazli,40.1333,63.45,-2.02,74,100,6.54,UZ,1734405058
133,alotau,-10.3069,150.4462,30.43,71,100,2.08,PG,1734405060
134,tazovsky,67.4667,78.7,-24.53,93,42,5.38,RU,1734405061
135,tabou,4.423,-7.3528,25.56,85,0,0.99,CI,1734405062
136,tolanaro,-25.0319,46.9987,22.81,75,19,4.17,MG,1734405063
137,chebba,35.2372,11.115,15.95,54,78,6.48,TN,1734405064
138,turabah,21.2141,41.6331,11.09,42,6,2.66,SA,1734405065
139,wabag,-5.4781,143.7021,18.22,83,99,1.67,PG,1734405067
140,greymouth,-42.4667,171.2,17.97,48,0,3.03,NZ,1734405068
141,qala i naw,34.9874,63.1289,3.2,22,34,3.11,AF,1734405069
142,laojunmiao,39.8333,97.7333,-13.14,66,100,1.51,CN,1734405070
143,ilulissat,69.2167,-51.1,-8.99,57,40,9.77,GL,1734405071
144,san fernando,15.0286,120.6898,29.85,60,73,4.01,PH,1734404989
145,diego de almagro,-26.3667,-70.05,18.18,46,0,0.64,CL,1734405073
146,wenchang,30.904,118.4887,10.11,39,17,1.1,CN,1734405075
147,tura,25.5198,90.2201,20.52,39,0,0.18,IN,1734405076
148,kangaba,11.9333,-8.4167,19.55,16,3,2.68,ML,1734404833
149,tongchuanshi,35.0806,109.0897,3.87,24,0,2.54,CN,1734405078
150,tvoroyri,61.5556,-6.8111,7.15,71,100,6.85,FO,1734405079
151,nar'yan-mar,67.6713,53.087,-23.7,93,30,3.13,RU,1734405080
152,hamlin,43.3031,-77.9211,7.88,79,100,2.68,US,1734405082
153,thompson,55.7435,-97.8558,-16.85,89,100,2.08,CA,1734405083
154,pacific grove,36.6177,-121.9166,12.99,94,100,1.34,US,1734405084
155,daru,-9.0763,143.2092,30.56,69,99,4.73,PG,1734405085
156,talnakh,69.4865,88.3972,-17.78,96,100,6.1,RU,1734405086
157,nemuro,43.3236,145.575,-2.54,47,2,6.2,JP,1734405087
158,nova vicosa,-17.8919,-39.3719,25.14,89,100,1.9,BR,1734405089
159,stonehaven,56.9637,-2.2118,11.29,84,100,5.06,GB,1734405090
160,riyadh,24.6877,46.7219,9.36,15,20,0.87,SA,1734405091
161,gewane,10.1664,40.6453,19.96,69,25,1.55,ET,1734405092
162,cobh,51.8572,-8.2992,11.22,94,75,7.72,IE,1734405093
163,broome,42.2506,-75.833,6.5,94,100,6.17,US,1734405094
164,chaman,30.9236,66.4512,0.13,43,0,1.15,PK,1734405096
165,harper,4.375,-7.7169,25.77,85,0,0.25,LR,1734405097
166,crane,31.3974,-102.3501,12.52,38,0,5.22,US,1734405098
167,melfort,52.8667,-104.6177,-19.01,99,71,3.62,CA,1734405099
168,pathein,16.7833,94.7333,26.17,59,82,4.72,MM,1734405100
169,padrauna,26.9025,83.9819,17.82,51,0,0.71,IN,1734405101
170,carnarvon,-24.8667,113.6333,31.82,43,0,5.39,AU,1734405103
171,brisas de zicatela,15.8369,-97.0419,25.29,78,0,0.0,MX,1734405104
172,nova sintra,14.8667,-24.7167,25.59,79,100,3.97,CV,1734405105
173,holualoa,19.6228,-155.9522,25.7,49,0,2.57,US,1734405106
174,ribeira grande,38.5167,-28.7,17.65,77,7,6.26,PT,1734405107
175,port shepstone,-30.7414,30.455,21.41,91,100,2.98,ZA,1734405108
176,nanfeng,23.7434,111.7959,18.71,29,0,1.58,CN,1734405110
177,usinsk,65.9939,57.5281,-20.54,88,97,4.34,RU,1734405111
178,punta arenas,-53.15,-70.9167,13.06,71,0,4.12,CL,1734405112
179,vernon,50.2581,-119.2691,0.97,90,100,0.29,CA,1734404933
180,port mathurin,-19.6833,63.4167,25.15,67,46,9.3,MU,1734405114
181,berdigestyakh,62.0989,126.6992,-29.38,100,99,1.36,RU,1734405115
182,mahayag,8.1183,123.4455,28.56,78,100,1.34,PH,1734405116
183,kodiak,57.79,-152.4072,3.73,93,100,10.8,US,1734405118
184,azare,11.6765,10.1948,15.7,24,100,3.57,NG,1734404892
185,wailua homesteads,22.0669,-159.378,25.44,81,75,3.6,US,1734405120
186,fallon,39.4735,-118.7774,7.65,65,100,4.1,US,1734405121
187,kashgar,39.4547,75.9797,-8.91,84,6,0.53,CN,1734405122
188,howard springs,-12.497,131.047,34.43,73,100,5.44,AU,1734405123
189,pijijiapan,15.7011,-93.23,23.62,72,3,2.57,MX,1734405124
190,tiksi,71.6872,128.8694,-24.52,99,33,3.42,RU,1734405126
191,junin de los andes,-39.9504,-71.0694,14.48,79,2,2.43,AR,1734405127
192,kourou,5.1552,-52.6478,24.44,94,100,2.43,GF,1734405128
193,mokopane,-24.1944,29.0097,22.51,53,17,3.0,ZA,1734405130
194,ulsteinvik,62.3432,5.8487,5.73,71,100,2.24,NO,1734405131
195,attleborough,52.5129,-1.4549,7.46,95,86,2.68,GB,1734405132
196,nagato,34.3833,131.2,9.87,61,91,7.48,JP,1734405133
197,greenville,35.6127,-77.3663,12.85,98,88,2.91,US,1734404881
198,middelburg,-25.7751,29.4648,20.12,61,83,2.97,ZA,1734405033
199,rimouski,48.4488,-68.524,-0.62,72,100,4.16,CA,1734405136
200,mvurwi,-17.0333,30.85,17.78,91,95,3.3,ZW,1734405138
201,utrik,11.2278,169.8474,27.44,85,94,10.82,MH,1734405139
202,midvagur,62.0511,-7.1939,5.46,81,75,4.12,FO,1734405140
203,polyarnyy,69.1989,33.4478,-14.04,88,100,3.87,RU,1734405141
204,ilha de mocambique,-15.0342,40.7358,25.67,89,95,3.49,MZ,1734405142
205,vilyuchinsk,52.9306,158.4028,-0.85,77,100,4.33,RU,1734405143
206,aykhal,66.0,111.5,-12.7,92,100,8.98,RU,1734405145
207,vorgashor,67.5833,63.95,-29.53,100,83,2.2,RU,1734405146
208,bamboo flat,11.7,92.7167,29.05,79,40,3.09,IN,1734405147
209,coquimbo,-29.9533,-71.3436,14.85,82,0,0.51,CL,1734405148
210,olonkinbyen,70.9221,-8.7187,-2.42,69,62,3.93,SJ,1734405149
211,micheweni,-4.9667,39.8333,26.32,83,97,4.15,TZ,1734405151
212,embi,48.8264,58.1442,-4.33,90,100,7.24,KZ,1734405152
213,isafjordur,66.0755,-23.124,-5.02,87,100,3.18,IS,1734405153
214,maintirano,-18.0667,44.0167,27.65,76,53,2.04,MG,1734405154
215,arkalyk,50.2486,66.9114,-9.38,72,100,8.51,KZ,1734405155
216,buka,40.8108,69.1986,-4.46,43,0,1.56,UZ,1734405156
217,al jawf,29.5,38.75,8.64,27,100,2.48,SA,1734405157
218,guajara mirim,-10.7828,-65.3394,22.84,97,100,0.71,BR,1734405159
219,yaren,-0.5472,166.916,27.91,70,75,2.39,NR,1734405160
220,luwuk,-0.9516,122.7875,29.3,65,99,1.8,ID,1734405161
221,camana,-16.6228,-72.7111,19.52,94,100,2.96,PE,1734405162
222,finike,36.295,30.1406,10.84,55,26,2.88,TR,1734404998
223,selfoss,63.9331,-20.9971,1.14,80,100,1.49,IS,1734405165
224,lebu,-37.6167,-73.65,13.61,92,85,3.55,CL,1734405166
225,anadyr,64.75,177.4833,-6.72,73,100,8.0,RU,1734405167
226,karsun,54.1994,46.9827,-2.76,95,100,6.17,RU,1734405168
227,igarka,67.4667,86.5833,-21.18,94,98,7.69,RU,1734405169
228,susuman,62.7833,148.1667,-28.01,100,92,1.16,RU,1734405170
229,itoman,26.1247,127.6694,21.43,52,0,5.14,JP,1734405172
230,kalianget,-7.05,113.9333,28.1,79,99,3.62,ID,1734405110
231,portel,-1.9356,-50.8211,25.89,79,98,2.02,BR,1734405174
232,puerto armuelles,8.2833,-82.8667,26.16,75,18,0.45,PA,1734405175
233,ola,59.5833,151.2833,-13.0,74,100,6.61,RU,1734405176
234,richards bay,-28.783,32.0377,21.12,92,99,0.96,ZA,1734405178
235,petawawa,45.9001,-77.3328,0.99,94,100,1.34,CA,1734405179
236,kingscliff,-28.2667,153.5667,29.41,84,75,5.14,AU,1734405180
237,cannonvale,-20.2833,148.7,30.66,67,41,4.27,AU,1734405181
238,mahina,-17.5065,-149.489,28.87,74,20,4.63,PF,1734405182
239,bagong sikat,12.3675,121.0617,26.73,70,85,4.46,PH,1734405183
240,mount gambier,-37.8333,140.7667,19.76,44,0,6.56,AU,1734405184
241,kihangara,-2.5833,33.35,19.69,83,90,3.39,TZ,1734405186
242,fort mcmurray,56.7268,-111.381,-22.27,77,100,4.63,CA,1734405187
243,caleta de carquin,-11.0925,-77.6267,19.69,88,100,3.67,PE,1734405188
244,garachico,28.7781,-17.7646,24.06,17,75,5.66,ES,1734405189
245,santiago de cao,-7.9589,-79.2392,17.07,94,75,4.63,PE,1734405190
246,tsiombe,-25.3,45.4833,25.78,73,26,2.61,MG,1734405192
247,altamont,42.2068,-121.7372,2.91,87,100,4.63,US,1734405193
248,vallenar,-28.5708,-70.7581,20.88,49,0,0.83,CL,1734405194
249,mendi,-6.1761,143.6513,19.04,83,97,1.41,PG,1734405195
250,atafu village,-8.5421,-172.5159,27.68,77,100,8.05,TK,1734405196
251,borba,-4.3878,-59.5939,23.68,96,100,1.29,BR,1734405198
252,kassala,15.451,36.4,21.72,71,56,3.55,SD,1734405199
253,port lincoln,-34.7333,135.8667,20.14,53,0,7.27,AU,1734405200
254,hammerfest,70.6634,23.6821,-9.75,67,100,2.57,NO,1734405201
255,taiobeiras,-15.8078,-42.2331,18.95,95,100,0.81,BR,1734405141
256,dayton,39.7589,-84.1916,14.43,86,75,7.72,US,1734405203
257,moldava nad bodvou,48.6143,20.9996,1.09,93,20,2.06,SK,1734405205
258,fort irwin,35.2627,-116.6848,6.74,21,0,0.0,US,1734405206
259,nuuk,64.1835,-51.7216,-4.66,74,100,7.2,GL,1734405207
260,humaita,-7.5061,-63.0208,21.82,99,100,1.05,BR,1734405208
261,wadebridge,50.5173,-4.8363,10.65,100,75,4.63,GB,1734405209
262,labrador city,52.9463,-66.9114,-5.46,79,100,6.71,CA,1734405210
263,la'ie,21.6477,-157.9253,26.66,72,71,0.89,US,1734405212
264,bay roberts,47.5999,-53.2648,1.62,85,12,1.34,CA,1734405213
265,margate,51.3813,1.3862,7.05,91,0,4.71,GB,1734405214
266,lihue,21.9789,-159.3672,25.77,73,75,3.6,US,1734405153
267,chetwayi,10.5333,76.05,24.92,68,100,4.79,IN,1734405216
268,kristiansund,63.1115,7.732,3.96,87,75,10.29,NO,1734405217
269,illizi,26.4833,8.4667,12.16,49,100,5.64,DZ,1734405219
270,paka,4.6374,103.4368,27.77,74,100,3.05,MY,1734405220
271,siwa oasis,29.2041,25.5195,13.07,82,25,3.2,EG,1734405221
272,keflavik,64.0049,-22.5624,1.24,93,75,10.8,IS,1734405222
273,puducherry,11.9333,79.8167,23.46,76,100,6.58,IN,1734405223
274,bodaybo,57.8506,114.1933,-24.22,97,97,0.55,RU,1734405224
275,red bluff,40.1785,-122.2358,9.07,93,100,4.63,US,1734405225
276,sitka,57.0531,-135.33,0.02,83,100,3.04,US,1734405227
277,guerrero negro,27.9769,-114.0611,15.37,81,57,4.72,MX,1734405046
278,katabu,-4.9333,122.5167,29.08,75,100,1.41,ID,1734405229
279,bereket,39.2446,55.5154,4.6,45,100,4.7,TM,1734405231
280,hluti,-27.2167,31.6167,20.42,93,87,1.41,SZ,1734405232
281,hawaiian paradise park,19.5933,-154.9731,23.74,96,100,2.06,US,1734405233
282,hot springs village,34.6655,-93.01,15.61,88,100,3.33,US,1734405234
283,la palma,33.8464,-118.0467,15.46,64,0,0.0,US,1734405235
284,crucecita,-28.95,-58.9833,18.32,69,0,2.89,AR,1734405236
285,faya-largeau,17.9257,19.1043,16.22,24,77,9.09,TD,1734405238
286,galeana,24.8333,-100.0667,11.09,87,67,1.16,MX,1734405239
287,kakamega,0.2842,34.7523,14.97,81,59,3.48,KE,1734405240
288,cotabato,7.2236,124.2464,29.7,61,100,3.23,PH,1734405145
289,el granada,37.5027,-122.4694,11.99,94,100,1.54,US,1734405242
290,mlimba,-8.8,35.8167,22.73,98,99,1.32,TZ,1734405243
291,ar ruseris,11.8659,34.3869,24.82,40,36,2.4,SD,1734405245
292,fada,7.25,4.0667,20.13,34,70,1.02,NG,1734405246
293,mityana,0.4175,32.0228,16.94,91,71,0.7,UG,1734405247
294,porto novo,6.4965,2.6036,24.13,89,22,1.95,BJ,1734405248
295,ouani,-12.1322,44.4258,26.41,81,19,2.86,KM,1734405249
296,emerald,-23.5333,148.1667,29.08,68,92,6.41,AU,1734405250
297,luanda,-8.8368,13.2343,26.06,85,91,1.15,AO,1734404828
298,korla,41.7597,86.1469,-7.83,76,3,1.35,CN,1734405253
299,timbuktu,16.7735,-3.0074,18.01,12,36,5.11,ML,1734405254
300,mitu,1.1983,-70.1733,22.12,99,100,0.88,CO,1734405255
301,fort st. john,56.2499,-120.8529,-22.14,94,100,1.32,CA,1734404979
302,piti village,13.4626,144.6933,31.49,70,0,8.75,GU,1734405257
303,dhidhdhoo,6.8833,73.1,27.36,75,100,0.85,MV,1734405258
304,fort bragg,35.139,-79.006,11.0,94,0,0.0,US,1734405062
305,bikenibeu village,1.3673,173.1241,30.98,70,20,6.17,KI,1734405261
306,tanjung selor,2.8372,117.3642,31.97,61,74,1.09,ID,1734405262
307,enewetak,11.3474,162.3373,27.78,85,60,10.41,MH,1734405263
308,harstad,68.799,16.5293,-1.03,94,100,12.07,NO,1734405264
309,undurkhaan,47.3194,110.6556,-10.64,80,5,1.49,MN,1734405265
310,vila franca do campo,37.7167,-25.4333,18.27,99,96,4.25,PT,1734405267
311,khandyga,62.6667,135.6,-34.08,95,28,1.2,RU,1734405268
312,fortuna,40.5982,-124.1573,11.63,96,75,3.6,US,1734405174
313,belaya kholunitsa,58.84,50.8528,-7.29,95,94,3.62,RU,1734405270
314,pires do rio,-17.2997,-48.2794,19.89,90,74,0.52,BR,1734405173
315,shache,38.4167,77.2406,-7.23,76,84,2.87,CN,1734405272
316,kingaroy,-26.5333,151.8333,25.84,78,82,4.73,AU,1734405274
317,sirajganj,24.45,89.7167,18.63,49,1,2.2,BD,1734405275
318,hithadhoo,-0.6,73.0833,27.78,77,55,8.39,MV,1734405276
319,tchintabaraden,15.8969,5.7985,15.72,17,0,4.87,NE,1734405277
320,samaniego,1.3385,-77.5957,17.64,96,100,0.68,CO,1734405278
321,souillac,-20.5167,57.5167,25.21,83,40,5.66,MU,1734405279
322,klyuchi,52.2667,79.1667,-16.33,86,57,3.99,RU,1734405281
323,rio grande,-32.035,-52.0986,18.23,75,0,4.49,BR,1734405282
324,pandharpur,17.6667,75.3333,19.13,33,31,1.74,IN,1734405283
325,robore,-18.3333,-59.75,22.46,48,34,1.26,BO,1734405284
326,viet tri,21.3019,105.4308,17.84,43,5,1.46,VN,1734405285
327,egilsstadir,65.2653,-14.3948,-3.41,83,100,3.49,IS,1734405184
328,arno,60.1167,18.6333,2.21,61,0,8.83,SE,1734405287
329,walvis bay,-22.9575,14.5053,13.94,89,0,5.3,,1734405001
330,joutseno,61.118,28.5076,-10.97,90,98,3.21,FI,1734405290
331,villa gesell,-37.2639,-56.973,15.12,86,0,4.07,AR,1734405209
332,charters towers,-20.1,146.2667,35.79,30,27,3.35,AU,1734405292
333,aroma,15.8167,36.1333,21.2,72,32,3.55,SD,1734405293
334,san luis,-33.295,-66.3356,23.5,37,94,4.21,AR,1734404764
335,rongelap,11.1635,166.8941,27.67,85,88,10.51,MH,1734405296
336,caiaponia,-16.9567,-51.8103,20.15,95,95,0.29,BR,1734405297
337,fort saskatchewan,53.7168,-113.2187,-15.68,96,100,2.68,CA,1734405096
338,st. john's,47.5649,-52.7093,2.31,79,26,1.79,CA,1734405299
339,formosa do rio preto,-11.0483,-45.1931,22.54,87,70,0.59,BR,1734405300
340,de queen,34.0379,-94.3413,16.68,100,100,0.0,US,1734405302
341,trebinje,42.7119,18.3442,7.2,71,0,3.6,BA,1734405303
342,kerema,-7.9631,145.7785,28.85,73,99,2.61,PG,1734405304
343,codrington,-38.2667,141.9667,19.16,50,3,10.11,AU,1734405305
344,kiiminki,65.1314,25.7974,-13.03,92,67,2.54,FI,1734405307
345,kalabo,-14.97,22.6814,20.68,85,88,2.16,ZM,1734405308
346,kuressaare,58.2481,22.5039,3.97,88,20,3.09,EE,1734405309
347,broken hill,-31.95,141.4333,28.81,20,0,9.12,AU,1734405310
348,vorkuta,67.5,64.0,-30.05,100,82,2.2,RU,1734405311
349,paraparaumu,-40.9167,175.0167,16.64,48,5,6.73,NZ,1734405312
350,taltal,-25.4,-70.4833,18.25,80,6,1.43,CL,1734405313
351,essaouira,31.5125,-9.77,18.57,54,100,3.79,MA,1734405144
352,mabaruma,8.2,-59.7833,22.69,98,26,0.68,GY,1734405316
353,taoudenni,22.6783,-3.9836,16.11,39,52,10.16,ML,1734405317
354,gillette,44.2911,-105.5022,-1.14,69,100,4.63,US,1734405318
355,port alfred,-33.5906,26.891,15.66,98,100,5.68,ZA,1734405320
356,obo,5.3998,26.4869,22.86,45,85,2.08,CF,1734405321
357,hadibu,12.65,54.0333,23.75,67,19,8.38,YE,1734405322
358,novyy urengoy,66.0833,76.6333,-20.91,95,99,5.83,RU,1734405323
359,awjilah,29.1081,21.2869,11.94,54,0,3.04,LY,1734405324
360,nadym,65.5333,72.5167,-18.17,97,100,6.72,RU,1734405325
361,urengoy,65.9667,78.3667,-20.5,95,98,5.75,RU,1734405327
362,candelaria,13.9311,121.4233,26.88,97,100,2.93,PH,1734405328
363,mount isa,-20.7333,139.5,39.87,21,37,5.14,AU,1734405329
364,gandajika,-6.75,23.95,20.04,99,100,2.92,CD,1734405323
365,acajutla,13.5928,-89.8275,25.19,65,0,3.04,SV,1734405331
366,menongue,-14.6585,17.691,17.32,93,98,1.43,AO,1734405332
367,cadale,2.7603,46.3222,24.53,84,19,9.15,SO,1734405334
368,puerto palomas,31.7667,-107.6167,10.92,27,80,1.52,MX,1734405335
369,inarajan village,13.2736,144.7484,31.54,80,98,8.22,GU,1734405336
370,north battleford,52.7834,-108.2847,-19.95,84,0,2.06,CA,1734405337
371,tromso,69.6496,18.957,-4.99,86,75,5.66,NO,1734405338
372,queenstown,-31.8976,26.8753,14.21,90,85,1.33,ZA,1734405339
373,santa elena de uairen,4.6167,-61.1333,20.27,80,81,1.64,VE,1734405340
374,bonthe,7.5264,-12.505,25.73,86,100,2.36,SL,1734405342
375,general roca,-39.0333,-67.5833,23.6,39,100,7.62,AR,1734405099
376,canto do buriti,-8.11,-42.9444,27.44,52,69,1.16,BR,1734405344
377,soata,6.3337,-72.6828,7.96,86,100,3.22,CO,1734405345
378,puerto baquerizo moreno,-0.9,-89.6,22.67,83,92,3.68,EC,1734405346
379,jeddah,21.5169,39.2192,22.92,38,0,0.0,SA,1734405322
380,kasongo-lunda,-6.4667,16.8167,21.38,98,100,0.5,CD,1734405348
381,agria,47.9026,20.3733,7.62,89,100,5.79,HU,1734405346
382,kokopo,-4.352,152.2633,27.53,79,100,3.28,PG,1734405126
383,port lavaca,28.615,-96.6261,21.1,88,0,2.06,US,1734405352
384,kaa-khem,51.6833,94.7333,-15.03,96,100,0.77,RU,1734405353
385,saldanha,-33.0117,17.9442,15.67,73,100,1.68,ZA,1734405354
386,amarillo,35.222,-101.8313,6.25,51,0,4.12,US,1734404893
387,freeport,40.6576,-73.5832,11.47,96,100,5.81,US,1734405357
388,benbrook,32.6732,-97.4606,18.09,76,40,4.12,US,1734405237
389,les anglais,18.3054,-74.2197,23.3,80,3,1.23,HT,1734405359
390,andergrove,-21.0833,149.1833,28.22,68,30,4.8,AU,1734405360
391,nelson bay,-32.7167,152.15,32.83,73,0,12.52,AU,1734405361
392,north bay,46.3168,-79.4663,3.85,94,100,4.85,CA,1734404970
393,saguenay,48.4168,-71.0657,-0.54,83,100,6.69,CA,1734405325
394,shizunai-furukawacho,42.3339,142.3669,-0.68,62,94,8.29,JP,1734405365
395,dryden,49.7833,-92.7503,-1.84,86,100,4.63,CA,1734405366
396,hrodna,53.6884,23.8258,3.92,94,100,6.86,BY,1734405367
397,odda,60.0691,6.5457,1.65,99,100,2.84,NO,1734405368
398,black point,-34.6187,137.8972,21.13,47,0,6.13,AU,1734405369
399,karachayevsk,43.774,41.9142,-2.71,69,100,2.94,RU,1734405208
400,sangueya,10.7,-14.3667,22.05,93,89,1.57,GN,1734405372
401,madimba,-10.4,40.3333,25.54,83,23,1.4,TZ,1734405373
402,leticia,-4.2153,-69.9406,25.03,100,40,1.54,CO,1734405374
403,touros,-5.1989,-35.4608,26.21,81,94,5.93,BR,1734405375
404,teknaf,20.8624,92.3058,25.0,59,100,2.13,BD,1734405376
405,iglino,54.8324,56.4126,-3.66,91,99,7.61,RU,1734405377
406,patan,27.6667,85.3333,10.21,71,20,0.0,NP,1734405378
407,glace bay,46.1969,-59.957,-1.58,84,20,3.6,CA,1734405380
408,calama,-22.4667,-68.9333,13.27,33,0,1.54,CL,1734405381
409,aspen,39.1911,-106.8175,-4.31,58,0,3.09,US,1734405382
410,morgan city,29.6994,-91.2068,21.0,100,100,2.06,US,1734405359
411,sarandi del yi,-33.35,-55.6333,13.45,91,0,3.58,UY,1734405384
412,nelson,-41.2833,173.2833,21.27,45,0,1.34,NZ,1734405385
413,kamaishi,39.2667,141.8833,4.25,45,2,0.63,JP,1734405387
414,mikuni,36.2171,136.1519,9.21,67,100,7.3,JP,1734405388
415,namsos,64.4662,11.4957,3.95,81,75,3.6,NO,1734405389
416,muskegon,43.3,-86.1334,5.92,84,100,6.69,US,1734405390
417,ulanhot,46.0833,122.0833,-11.5,45,1,3.21,CN,1734405391
418,westport,41.1415,-73.3579,12.12,91,100,3.6,US,1734405392
419,kalix,65.853,23.1565,-13.76,99,86,3.77,SE,1734405393
420,grants,35.1473,-107.8514,0.13,29,0,2.06,US,1734405395
421,praia da vitoria,38.7333,-27.0667,13.14,94,20,5.18,PT,1734405396
422,rawson,-43.3002,-65.1023,21.12,48,100,8.63,AR,1734405268
423,klaksvik,62.2266,-6.589,5.99,72,96,5.71,FO,1734405398
424,ejura,7.3856,-1.3562,21.41,21,0,0.57,GH,1734405399
425,alofi,-19.0595,-169.9187,26.94,69,20,3.09,NU,1734405400
426,macheng,31.1783,115.0319,10.77,27,100,1.95,CN,1734405402
427,luena,-11.7833,19.9167,17.66,99,100,0.88,AO,1734405403
428,hasaki,35.7333,140.8333,12.34,35,16,3.24,JP,1734405404
429,kuloy,61.0305,42.4925,-12.88,96,100,2.17,RU,1734405405
430,portland,45.5234,-122.6762,8.33,94,100,5.14,US,1734405406
431,cruzeiro do sul,-29.5128,-51.9853,19.73,95,40,1.16,BR,1734405407
432,kendari,-3.945,122.4989,27.35,81,100,1.42,ID,1734405409
433,rikaze,29.25,88.8833,2.94,14,2,1.12,CN,1734405410
434,al 'amarah,31.8406,47.1396,7.01,22,3,4.26,IQ,1734405411
435,papao,-17.75,-149.55,28.82,71,80,3.11,PF,1734405412
436,bubaque,11.2833,-15.8333,26.34,73,32,3.88,GW,1734405413
437,markovo,57.3206,107.0881,-8.79,96,100,1.84,RU,1734405414
438,kodinsk,58.6881,99.1844,-18.42,99,59,1.8,RU,1734405415
439,jabat,7.75,168.9751,27.82,82,55,10.83,MH,1734405417
440,slave lake,55.2834,-114.769,-19.01,71,100,6.69,CA,1734405418
441,kovdor,67.5662,30.4758,-15.99,99,100,1.17,RU,1734405419
442,ratnagiri,16.9833,73.3,21.74,31,6,2.46,IN,1734405420
443,yeniseysk,58.4497,92.1703,-13.51,92,100,3.03,RU,1734405421
444,belaya glina,46.07,40.86,5.97,79,100,10.83,RU,1734405422
445,sao miguel do tapuio,-5.5036,-41.3233,27.25,53,68,3.61,BR,1734405424
446,kapa'a,22.0752,-159.319,26.18,81,75,3.6,US,1734405425
447,ancud,-41.8697,-73.8203,12.09,96,76,3.44,CL,1734405426
448,sedico,46.1111,12.1003,6.0,80,4,1.75,IT,1734405427
449,dabrowa bialostocka,53.6536,23.3479,3.64,95,100,3.73,PL,1734405428
450,lincheng,19.9078,109.6858,20.41,55,7,4.19,CN,1734405429
451,rosarito,32.3333,-117.0333,14.54,83,2,3.11,MX,1734405304
452,tuni,17.35,82.55,22.25,45,100,2.42,IN,1734405432
453,kingston,17.997,-76.7936,25.09,90,3,1.34,JM,1734405269
454,bahia de kino,28.8333,-111.9333,16.71,63,72,6.71,MX,1734405434
455,phalaborwa,-23.943,31.1411,22.32,82,44,2.83,ZA,1734405435
456,geraldton,-28.7667,114.6,37.23,14,0,4.63,AU,1734405436
457,kulhudhuffushi,6.6221,73.07,27.04,78,100,1.74,MV,1734405437
458,estevan,49.1334,-102.9842,-6.89,86,100,4.12,CA,1734405439
459,tarawa,1.419,172.984,31.05,70,20,6.17,KI,1734405440
460,santa ana,33.7456,-117.8678,14.95,67,20,1.54,US,1734405441
461,tierralta,8.1736,-76.0592,24.34,92,100,1.16,CO,1734405442
462,letterkenny,54.95,-7.7333,8.1,93,100,2.87,IE,1734405443
463,puerto santa,-8.9906,-78.6456,18.68,87,92,2.65,PE,1734405444
464,toliara,-23.35,43.6667,26.73,89,100,2.12,MG,1734405446
465,kalymnos,36.95,26.9833,11.74,62,20,10.29,GR,1734405346
466,hobyo,5.3505,48.5268,24.03,74,16,9.21,SO,1734405448
467,beyneu,45.3167,55.2,-0.38,89,100,3.28,KZ,1734405449
468,grajau,-5.8194,-46.1386,24.0,74,100,0.3,BR,1734405450
469,port blair,11.6667,92.75,29.02,79,40,3.09,IN,1734405451
470,akureyri,65.6835,-18.0878,-2.04,80,75,1.54,IS,1734405452
471,zhob,31.3411,69.4481,3.54,51,0,2.08,PK,1734405454
472,valledupar,10.4631,-73.2532,26.83,74,20,5.14,CO,1734405452
473,craig,40.5153,-107.5464,-1.03,69,0,3.09,US,1734405456
474,berberati,4.2612,15.7922,19.83,31,100,1.15,CF,1734405457
475,mangai,-4.05,19.5333,20.81,99,100,0.71,CD,1734405458
476,zhezqazghan,47.7833,67.7667,-16.68,85,0,5.0,KZ,1734405459
477,camalu,30.85,-116.0667,11.97,80,16,1.4,MX,1734405460
478,leh,34.1667,77.5833,-9.01,46,0,0.8,IN,1734405462
479,iguape,-24.7081,-47.5553,22.43,80,34,1.82,BR,1734405463
480,lorengau,-2.0226,147.2712,29.49,71,95,4.31,PG,1734405464
481,terrasson-lavilledieu,45.1301,1.3014,4.05,93,75,1.25,FR,1734405465
482,kavaratti,10.5669,72.642,26.59,69,73,1.8,IN,1734405466
483,saint-pierre,-21.3393,55.4781,24.82,57,0,2.57,RE,1734405228
484,strasburg,48.5834,7.743,6.14,100,100,1.54,FR,1734405369
485,boonville,38.9736,-92.7432,5.35,75,0,0.0,US,1734405432
486,imperatriz,-5.5264,-47.4917,24.95,75,81,1.12,BR,1734405471
487,krasnaya polyana,56.242,51.1442,-4.73,91,97,5.79,RU,1734405472
488,ghat,24.9647,10.1728,9.91,81,17,4.16,LY,1734405473
489,talcahuano,-36.7167,-73.1167,14.82,82,20,5.14,CL,1734405475
490,arkhangel'sk,64.5401,40.5433,-24.94,84,0,3.0,RU,1734405476
491,maturin,9.75,-63.1767,22.83,98,65,2.39,VE,1734405034
492,new norfolk,-42.7826,147.0587,19.95,61,24,6.82,AU,1734405478
493,port douglas,-16.4833,145.4667,31.03,64,26,3.97,AU,1734405479
494,berbera,10.4396,45.0143,23.66,68,4,3.15,SO,1734405480
495,yenicaga,40.7711,32.0337,-4.07,80,20,2.09,TR,1734405482
496,namibe,-15.1961,12.1522,21.27,79,82,1.21,AO,1734405483
497,ustrzyki dolne,49.4304,22.5938,3.87,91,100,6.52,PL,1734405484
498,fougamou,-1.2154,10.5838,23.09,99,100,1.99,GA,1734405433
499,san andres,12.5847,-81.7006,26.01,89,20,1.54,CO,1734405486
500,whitefish,48.4111,-114.3376,-1.17,93,100,1.54,US,1734405245
501,san patricio,28.017,-97.5169,20.97,71,100,4.56,US,1734405489
502,neelankarai,12.9455,80.2575,25.52,81,75,4.63,IN,1734405490
503,pangoa,-12.1167,-73.0,19.98,97,100,1.19,PE,1734405491
504,arar,30.9753,41.0381,4.01,28,0,2.06,SA,1734405492
505,gunjur,13.2019,-16.7339,21.04,73,0,2.06,GM,1734405493
506,zahedan,29.4963,60.8629,-10.05,29,0,3.09,IR,1734405495
507,island harbour,50.724,-1.2758,9.45,94,96,0.45,GB,1734405496
508,constitucion,-35.3333,-72.4167,12.52,94,12,3.47,CL,1734405358
509,makokou,0.5738,12.8642,20.4,99,98,0.88,GA,1734405498
510,uige,-7.6087,15.0613,19.07,99,100,0.71,AO,1734405499
511,kirakira,-10.4544,161.9205,29.31,76,100,2.36,SB,1734405500
512,priozersk,61.0393,30.1291,-10.51,75,97,3.03,RU,1734405502
513,capim grosso,-11.3811,-40.0128,22.18,85,25,2.61,BR,1734405503
514,mata-utu,-13.2816,-176.1745,28.32,72,69,1.91,WF,1734405504
515,magadan,59.5667,150.8,-12.24,73,100,5.28,RU,1734405424
516,darwha,20.3167,77.7667,17.14,33,10,1.73,IN,1734405506
517,karanlukh,40.1044,45.2897,-5.77,84,69,3.41,AM,1734405507
518,anna regina,7.2644,-58.5077,26.56,83,33,3.96,GY,1734405509
519,mankoeng,-23.9,29.8167,17.89,85,66,2.8,ZA,1734405212
520,pauini,-7.7136,-66.9764,22.36,96,88,0.67,BR,1734405511
521,juneau,58.3019,-134.4197,-4.21,97,75,0.0,US,1734405512
522,masterton,-40.9597,175.6575,14.36,54,53,6.64,NZ,1734405513
523,lazaro cardenas,17.9583,-102.2,25.94,82,100,2.57,MX,1734405514
524,dongola,19.1667,30.4833,17.77,48,100,4.96,SD,1734405515
525,fort frances,48.5999,-93.4003,-1.88,80,100,7.2,CA,1734405517
526,jayapura,-2.5333,140.7,31.66,85,100,2.83,ID,1734405518
527,shiyan,32.6475,110.7781,8.81,37,100,1.78,CN,1734405291
528,strzelin,50.7816,17.0648,8.89,70,100,8.26,PL,1734405520
529,pasinler,39.9803,41.6764,-13.78,94,56,2.14,TR,1734405521
530,atamyrat,37.8357,65.2106,0.73,65,56,8.32,TM,1734405523
531,carloforte,39.145,8.3058,13.18,70,0,4.3,IT,1734405524
532,tacuarembo,-31.7333,-55.9833,14.93,89,1,2.58,UY,1734405525
533,vila velha,-20.3297,-40.2925,26.97,91,20,5.66,BR,1734405262
534,padang,-0.9492,100.3543,30.03,67,100,1.47,ID,1734405411
535,perros-guirec,48.8145,-3.4396,7.97,92,100,4.45,FR,1734405528
536,manicore,-5.8092,-61.3003,23.26,99,100,0.72,BR,1734405530
537,bel ombre,-4.6167,55.4167,24.91,94,20,0.0,SC,1734405531
538,brownfield,33.1812,-102.2744,8.0,38,0,3.44,US,1734405532
539,la peca,-5.6111,-78.435,20.82,91,78,1.52,PE,1734405533
540,watampone,-4.5386,120.3279,28.97,64,100,2.98,ID,1734405534
541,balakovo,52.0278,47.8007,-1.22,96,100,8.83,RU,1734405535
542,severo-yeniseyskiy,60.3725,93.0408,-17.6,91,100,4.04,RU,1734405536
543,val-d'or,48.1002,-77.7828,0.05,100,100,5.14,CA,1734405538
544,fernie,49.5,-115.0687,-5.11,97,100,0.8,CA,1734405539
545,chak azam sahu,30.75,73.0333,11.59,17,0,1.62,PK,1734405540
546,dungarvan,52.0881,-7.6253,10.6,100,100,3.13,IE,1734405541
547,two rivers,44.1539,-87.5693,4.6,86,100,5.66,US,1734405542
548,erenhot,43.6475,111.9767,-8.03,57,0,1.58,CN,1734405543
549,pallasovka,50.05,46.8833,0.51,98,100,8.47,RU,1734405545
550,jardin america,-27.0435,-55.227,16.2,78,0,0.91,AR,1734405546
551,quellon,-43.1167,-73.6167,11.8,95,93,2.14,CL,1734405513
552,horqueta,-23.3428,-57.0597,20.24,67,0,1.78,PY,1734405548
553,viana do castelo,41.6932,-8.8329,11.92,59,100,4.81,PT,1734405549
554,urangan,-25.3,152.9,27.28,78,58,5.24,AU,1734405276
555,laguna,38.421,-121.4238,11.1,87,100,2.06,US,1734405288
556,aguilares,-27.4338,-65.6143,23.25,64,50,1.56,AR,1734405553
557,barreiras,-12.1528,-44.99,22.18,96,98,0.97,BR,1734405554
558,guaruja,-23.9931,-46.2564,23.27,26,0,1.28,BR,1734405555
559,shimoda,34.6667,138.95,11.64,57,4,10.75,JP,1734405556
560,burang,30.25,81.1667,-2.24,25,100,3.73,CN,1734405557
561,tralee,52.2704,-9.7026,8.44,97,100,2.79,IE,1734405559
562,pimentel,-6.8367,-79.9342,20.16,77,0,5.66,PE,1734405560
